Provider,RegistryLink
1013116714,registries?quarter=2025-12-31&payerId=4150&plan_type=ALL&cont_discont_flag=1&session=YXBwX2lkPXJlZ2lzdHJpZXMmcGF5ZXJJZD00MTUwJmN1c3RJZD00MTUwJnBVaWQ9MTg5ODM5JmhvbWU9WVhCd1gybGtQWEpsWjJsemRISnBaWE1tWTNWemRFbGtQVFF4TlRBbWNHRjVaWEpKWkQwME1UVXdKbTl5WjBsa1BUUXhOVEFtY0ZWcFpEMHhPRGs0TXprbWRtZHdTV1E5TkRFMU1DWjJjRWxrUFRReE5UQW1kbWN3U1dROU5ERTFNQSUzRCUzRCZkb2N0b3JzUGVyc29uSWQ9OTM3MzE0ODQmZG9jdG9yX3VpZD05MzcwOTUyMiZsaXN0PTEmZmlsdGVyX29yZ19pZD00MTUwJnF1YXJ0ZXI9MjAyNS0xMi0zMQ==
1003818501,registries?quarter=2025-12-31&payerId=4150&plan_type=ALL&cont_discont_flag=1&session=YXBwX2lkPXJlZ2lzdHJpZXMmcGF5ZXJJZD00MTUwJmN1c3RJZD00MTUwJnBVaWQ9MTg5ODM5JmhvbWU9WVhCd1gybGtQWEpsWjJsemRISnBaWE1tWTNWemRFbGtQVFF4TlRBbWNHRjVaWEpKWkQwME1UVXdKbTl5WjBsa1BUUXhOVEFtY0ZWcFpEMHhPRGs0TXprbWRtZHdTV1E5TkRFMU1DWjJjRWxrUFRReE5UQW1kbWN3U1dROU5ERTFNQSUzRCUzRCZkb2N0b3JzUGVyc29uSWQ9OTM3MjgwODEmZG9jdG9yX3VpZD05MzcwNjExOSZsaXN0PTEmZmlsdGVyX29yZ19pZD00MTUwJnF1YXJ0ZXI9MjAyNS0xMi0zMQ==
1225035025,registries?quarter=2025-12-31&payerId=4150&plan_type=ALL&cont_discont_flag=1&session=YXBwX2lkPXJlZ2lzdHJpZXMmcGF5ZXJJZD00MTUwJmN1c3RJZD00MTUwJnBVaWQ9MTg5ODM5JmhvbWU9WVhCd1gybGtQWEpsWjJsemRISnBaWE1tWTNWemRFbGtQVFF4TlRBbWNHRjVaWEpKWkQwME1UVXdKbTl5WjBsa1BUUXhOVEFtY0ZWcFpEMHhPRGs0TXprbWRtZHdTV1E5TkRFMU1DWjJjRWxrUFRReE5UQW1kbWN3U1dROU5ERTFNQSUzRCUzRCZkb2N0b3JzUGVyc29uSWQ9OTM4NzQyODMmZG9jdG9yX3VpZD05Mzg1MjMyMSZsaXN0PTEmZmlsdGVyX29yZ19pZD00MTUwJnF1YXJ0ZXI9MjAyNC0xMi0zMQ==
1326127374,registries?quarter=2025-12-31&payerId=4150&plan_type=ALL&cont_discont_flag=1&session=YXBwX2lkPXJlZ2lzdHJpZXMmcGF5ZXJJZD00MTUwJmN1c3RJZD00MTUwJnBVaWQ9MTg5ODM5JmhvbWU9WVhCd1gybGtQWEpsWjJsemRISnBaWE1tWTNWemRFbGtQVFF4TlRBbWNHRjVaWEpKWkQwME1UVXdKbTl5WjBsa1BUUXhOVEFtY0ZWcFpEMHhPRGs0TXprbWRtZHdTV1E5TkRFMU1DWjJjRWxrUFRReE5UQW1kbWN3U1dROU5ERTFNQSUzRCUzRCZkb2N0b3JzUGVyc29uSWQ9OTM5NDM5MDYmZG9jdG9yX3VpZD05MzkyMTk0NCZsaXN0PTEmZmlsdGVyX29yZ19pZD00MTUwJnF1YXJ0ZXI9MjAyNC0xMi0zMQ==
1184791048,registries?quarter=2025-12-31&payerId=4150&plan_type=ALL&cont_discont_flag=1&session=YXBwX2lkPXJlZ2lzdHJpZXMmcGF5ZXJJZD00MTUwJmN1c3RJZD00MTUwJnBVaWQ9MTg5ODM5JmhvbWU9WVhCd1gybGtQWEpsWjJsemRISnBaWE1tWTNWemRFbGtQVFF4TlRBbWNHRjVaWEpKWkQwME1UVXdKbTl5WjBsa1BUUXhOVEFtY0ZWcFpEMHhPRGs0TXprbWRtZHdTV1E5TkRFMU1DWjJjRWxrUFRReE5UQW1kbWN3U1dROU5ERTFNQSUzRCUzRCZkb2N0b3JzUGVyc29uSWQ9OTM4NTEzNTQmZG9jdG9yX3VpZD05MzgyOTM5MiZsaXN0PTEmZmlsdGVyX29yZ19pZD00MTUwJnF1YXJ0ZXI9MjAyNC0xMi0zMQ==
1003047978,registries?quarter=2025-12-31&payerId=4150&plan_type=ALL&cont_discont_flag=1&session=YXBwX2lkPXJlZ2lzdHJpZXMmcGF5ZXJJZD00MTUwJmN1c3RJZD00MTUwJnBVaWQ9MTg5ODM5JmhvbWU9WVhCd1gybGtQWEpsWjJsemRISnBaWE1tWTNWemRFbGtQVFF4TlRBbWNHRjVaWEpKWkQwME1UVXdKbTl5WjBsa1BUUXhOVEFtY0ZWcFpEMHhPRGs0TXprbWRtZHdTV1E5TkRFMU1DWjJjRWxrUFRReE5UQW1kbWN3U1dROU5ERTFNQSUzRCUzRCZkb2N0b3JzUGVyc29uSWQ9OTM3MjM5MDYmZG9jdG9yX3VpZD05MzcwMTk0NCZsaXN0PTEmZmlsdGVyX29yZ19pZD00MTUwJnF1YXJ0ZXI9MjAyNC0xMi0zMQ==
1184799496,registries?quarter=2025-12-31&payerId=4150&plan_type=ALL&cont_discont_flag=1&session=YXBwX2lkPXJlZ2lzdHJpZXMmcGF5ZXJJZD00MTUwJmN1c3RJZD00MTUwJnBVaWQ9MTg5ODM5JmhvbWU9WVhCd1gybGtQWEpsWjJsemRISnBaWE1tWTNWemRFbGtQVFF4TlRBbWNHRjVaWEpKWkQwME1UVXdKbTl5WjBsa1BUUXhOVEFtY0ZWcFpEMHhPRGs0TXprbWRtZHdTV1E5TkRFMU1DWjJjRWxrUFRReE5UQW1kbWN3U1dROU5ERTFNQSUzRCUzRCZkb2N0b3JzUGVyc29uSWQ9OTM4NTE0NDkmZG9jdG9yX3VpZD05MzgyOTQ4NyZsaXN0PTEmZmlsdGVyX29yZ19pZD00MTUwJnF1YXJ0ZXI9MjAyNC0xMi0zMQ==
1033194345,registries?quarter=2025-12-31&payerId=4150&plan_type=ALL&cont_discont_flag=1&session=YXBwX2lkPXJlZ2lzdHJpZXMmcGF5ZXJJZD00MTUwJmN1c3RJZD00MTUwJnBVaWQ9MTg5ODM5JmhvbWU9WVhCd1gybGtQWEpsWjJsemRISnBaWE1tWTNWemRFbGtQVFF4TlRBbWNHRjVaWEpKWkQwME1UVXdKbTl5WjBsa1BUUXhOVEFtY0ZWcFpEMHhPRGs0TXprbWRtZHdTV1E5TkRFMU1DWjJjRWxrUFRReE5UQW1kbWN3U1dROU5ERTFNQSUzRCUzRCZkb2N0b3JzUGVyc29uSWQ9OTM3NDUwODImZG9jdG9yX3VpZD05MzcyMzEyMCZsaXN0PTEmZmlsdGVyX29yZ19pZD00MTUwJnF1YXJ0ZXI9MjAyNC0xMi0zMQ==
1003824020,registries?quarter=2025-12-31&payerId=4150&plan_type=ALL&cont_discont_flag=1&session=YXBwX2lkPXJlZ2lzdHJpZXMmcGF5ZXJJZD00MTUwJmN1c3RJZD00MTUwJnBVaWQ9MTg5ODM5JmhvbWU9WVhCd1gybGtQWEpsWjJsemRISnBaWE1tWTNWemRFbGtQVFF4TlRBbWNHRjVaWEpKWkQwME1UVXdKbTl5WjBsa1BUUXhOVEFtY0ZWcFpEMHhPRGs0TXprbWRtZHdTV1E5TkRFMU1DWjJjRWxrUFRReE5UQW1kbWN3U1dROU5ERTFNQSUzRCUzRCZkb2N0b3JzUGVyc29uSWQ9OTM3MjgxNTkmZG9jdG9yX3VpZD05MzcwNjE5NyZsaXN0PTEmZmlsdGVyX29yZ19pZD00MTUwJnF1YXJ0ZXI9MjAyNC0xMi0zMQ==
